{
  "amount": {
    "mean": 88.34961925093133,
    "scale": 250.11967013523534
  },
  "time": {
    "mean": 94813.85957508067,
    "scale": 47488.062585499334
  }
}
